11	507	Andrew Morton
149	67	David Rientjes <rientjes@google.com>
324	24	Paul Menage <menage@google.com>
398	18	Ken Chen <kenchen@google.com>
658	7	kernel1@cyberdogtech.com	Matt LaPlante
770	5	Aaron Durbin <adurbin@google.com>
770	5	Oleg Ryjkov <olegr@google.com>
852	4	Tim Hockin <thockin@google.com>
958	3	Martin Bligh <mbligh@google.com>
958	3	Suleiman Souhlal <suleiman@google.com>
1127	2	Arve Hjønnevåg
1127	2	Brian Swetland <swetland@google.com>
1127	2	Gwendal Grignou <gwendal@google.com>
1417	1	Al Borchers <alb@google.com>
1417	1	David Smith <dds@google.com>
1417	1	Ethan Solomita <solo@google.com>
1417	1	Jeff Bailey
1417	1	Joshua Wise <jwise@google.com>
1417	1	Maciej Zenczykowski <maze@google.com>
1417	1	Masoud Asgharifard Sharbiani <masouds@google.com>
1417	1	Mike Chan <mikechan@google.com>
1417	1	Ollie Wild <aaw@google.com>
1417	1	Priyanka Gupta <priyankag@google.com>
1417	1	Ranjit Manomohan <ranjitm@google.com>
1417	1	Rohit Seth <rohitseth@google.com>
1417	1	Sam Jansen <sjansen@google.com>
1417	1	Warren Turkal <turkal@google.com>
